Model,Accuracy,Precision,Recall,F1-Score
Logistic Regression,0.9833333333333333,0.9835374149659865,0.9833333333333333,0.9833240950406447
Naive Bayes,0.9738095238095238,0.9739740534386311,0.9738095238095238,0.9738142121919253
