Model,Accuracy,Precision,Recall,F1-Score
Logistic Regression,0.97,0.9704607990280161,0.97,0.969913093304844
Naive Bayes,0.9575,0.9596696696696696,0.9575,0.9572894906059356
SVM,0.9725,0.9728512806637807,0.9725,0.9724269055581541
