Model,Accuracy,Precision,Recall,F1-Score
Logistic Regression,0.95,0.9509569377990431,0.95,0.9496336996336998
Naive Bayes,0.95,0.949937343358396,0.95,0.9496716697936212
SVM,0.925,0.9279348102877515,0.925,0.9244043695263209
