Model,Accuracy,Precision,Recall,F1-Score
Logistic Regression,0.97,0.9702496268369992,0.97,0.9697478242174563
Naive Bayes,0.9428571428571428,0.9451105282670913,0.9428571428571428,0.9420445868233479
SVM,0.9757142857142858,0.9757608476855234,0.9757142857142858,0.9755787033438448
DistilBERT,0.9828571428571429,0.9834413556760273,0.9828571428571429,0.9829301884537205
